{"1": 6.532121200000006, "2": 8.801674300000059, "4": 9.746622500000058, "3": 9.499894200000085}