{"1": 5.828881799999998, "2": 8.082374000000002, "4": 9.746622500000058, "3": 9.499894200000085}