{"1": 3.5975409999999997, "2": 8.082374000000002, "4": 9.746622500000058, "3": 9.499894200000085, "6": 14.310367199999995}